{
    "AdaBoost": {
        "-1": {
            "precision": [
                0.5,
                0.5,
                0.5,
                0.5,
                0.5,
                0.5,
                0.5,
                0.5,
                0.5,
                0.5
            ],
            "recall": [
                0.005235602094240838,
                0.005235602094240838,
                0.005235602094240838,
                0.005235602094240838,
                0.005235602094240838,
                0.005235602094240838,
                0.005235602094240838,
                0.005235602094240838,
                0.005235602094240838,
                0.005235602094240838
            ],
            "f1-score": [
                0.010362694300518137,
                0.010362694300518137,
                0.010362694300518137,
                0.010362694300518137,
                0.010362694300518137,
                0.010362694300518137,
                0.010362694300518137,
                0.010362694300518137,
                0.010362694300518137,
                0.010362694300518137
            ]
        },
        "1": {
            "precision": [
                0.923923923923924,
                0.923923923923924,
                0.923923923923924,
                0.923923923923924,
                0.923923923923924,
                0.923923923923924,
                0.923923923923924,
                0.923923923923924,
                0.923923923923924,
                0.923923923923924
            ],
            "recall": [
                0.9995668182802686,
                0.9995668182802686,
                0.9995668182802686,
                0.9995668182802686,
                0.9995668182802686,
                0.9995668182802686,
                0.9995668182802686,
                0.9995668182802686,
                0.9995668182802686,
                0.9995668182802686
            ],
            "f1-score": [
                0.9602580108198087,
                0.9602580108198087,
                0.9602580108198087,
                0.9602580108198087,
                0.9602580108198087,
                0.9602580108198087,
                0.9602580108198087,
                0.9602580108198087,
                0.9602580108198087,
                0.9602580108198087
            ]
        }
    },
    "RandomForest": {
        "-1": {
            "precision": [
                0.38461538461538464,
                0.40963855421686746,
                0.39759036144578314,
                0.5172413793103449,
                0.3902439024390244,
                0.4189189189189189,
                0.38961038961038963,
                0.4578313253012048,
                0.49333333333333335,
                0.4657534246575342
            ],
            "recall": [
                0.07853403141361257,
                0.08900523560209424,
                0.08638743455497382,
                0.11780104712041885,
                0.08376963350785341,
                0.08115183246073299,
                0.07853403141361257,
                0.09947643979057591,
                0.0968586387434555,
                0.08900523560209424
            ],
            "f1-score": [
                0.13043478260869568,
                0.14623655913978495,
                0.14193548387096774,
                0.19189765458422176,
                0.13793103448275865,
                0.1359649122807018,
                0.13071895424836602,
                0.16344086021505375,
                0.16192560175054704,
                0.14945054945054942
            ]
        },
        "1": {
            "precision": [
                0.9284698232066653,
                0.9292107404393816,
                0.9290073230268511,
                0.9313925081433225,
                0.9288183851942241,
                0.9287309644670051,
                0.9284843559528647,
                0.9300244100895037,
                0.9299350121852152,
                0.9293544457978076
            ],
            "recall": [
                0.9896036387264457,
                0.98938704786658,
                0.9891704570067144,
                0.99090318388564,
                0.9891704570067144,
                0.9906865930257743,
                0.9898202295863114,
                0.9902534113060428,
                0.9917695473251029,
                0.9915529564652371
            ],
            "f1-score": [
                0.9580624868945271,
                0.9583551872443093,
                0.9581453896989406,
                0.9602266764613285,
                0.9580448919655967,
                0.9587088660658143,
                0.9581717161128,
                0.9591943774257842,
                0.9598574572895923,
                0.9594467148695379
            ]
        }
    },
    "KNeighbors": {
        "-1": {
            "precision": [
                0.38461538461538464,
                0.38461538461538464,
                0.38461538461538464,
                0.38461538461538464,
                0.38461538461538464,
                0.38461538461538464,
                0.38461538461538464,
                0.38461538461538464,
                0.38461538461538464,
                0.38461538461538464
            ],
            "recall": [
                0.03926701570680628,
                0.03926701570680628,
                0.03926701570680628,
                0.03926701570680628,
                0.03926701570680628,
                0.03926701570680628,
                0.03926701570680628,
                0.03926701570680628,
                0.03926701570680628,
                0.03926701570680628
            ],
            "f1-score": [
                0.07125890736342043,
                0.07125890736342043,
                0.07125890736342043,
                0.07125890736342043,
                0.07125890736342043,
                0.07125890736342043,
                0.07125890736342043,
                0.07125890736342043,
                0.07125890736342043,
                0.07125890736342043
            ]
        },
        "1": {
            "precision": [
                0.926008064516129,
                0.926008064516129,
                0.926008064516129,
                0.926008064516129,
                0.926008064516129,
                0.926008064516129,
                0.926008064516129,
                0.926008064516129,
                0.926008064516129,
                0.926008064516129
            ],
            "recall": [
                0.9948018193632229,
                0.9948018193632229,
                0.9948018193632229,
                0.9948018193632229,
                0.9948018193632229,
                0.9948018193632229,
                0.9948018193632229,
                0.9948018193632229,
                0.9948018193632229,
                0.9948018193632229
            ],
            "f1-score": [
                0.959173018690613,
                0.959173018690613,
                0.959173018690613,
                0.959173018690613,
                0.959173018690613,
                0.959173018690613,
                0.959173018690613,
                0.959173018690613,
                0.959173018690613,
                0.959173018690613
            ]
        }
    },
    "NaiveBayes": {
        "-1": {
            "precision": [
                0.21370967741935484,
                0.21370967741935484,
                0.21370967741935484,
                0.21370967741935484,
                0.21370967741935484,
                0.21370967741935484,
                0.21370967741935484,
                0.21370967741935484,
                0.21370967741935484,
                0.21370967741935484
            ],